play,movie
1,Dying at Grace
1,Princess Aurora (Orora gongju)
1,Only the Lonely
2,Fathers' Day
2,313-EVIL II
2,Tennessee
3,Thieves Like Us
3,Beats Rhymes & Life: The Travels of a Tribe Called Quest
4,Waterloo Bridge
5,Judas Kiss
5,Rosencrantz and Guildenstern Are Dead
5,John Q
6,Running
7,After Life (Wandafuru raifu)
8,Hole in the Soul
10,Captain Corelli's Mandolin
10,Ethan Mao
10,Waterloo Bridge
11,Dr. Akagi (Kanzo sensei)
11,Wild Child
11,The Inspector
11,Bloodbrothers
11,Misérables
11,Ciel est à vous
11,Horrible Bosses
11,California Solo
11,American Pie Presents: The Book of Love (American Pie 1: The Book of Love)
11,AmericanEast
12,Contact
12,Man's Favorite Sport?
12,Godzilla vs. King Ghidorah (Gojira vs. Kingu Gidorâ)
12,One I Love
12,Far Country
12,Death in Brunswick
12,Outside the Law
13,Love Crazy
13,Brother
13,Story of Maths
13,Femme Nikita
13,Movie
13,Night of the Demons
13,Julia
14,The Search for Santa Paws
15,Carson City
15,Mata Hari
15,Show
17,Waterloo Bridge
18,Adopted
18,New Life
18,There's Always A Woman
20,Buster
20,Six-String Samurai
20,Princess Aurora (Orora gongju)
20,Mondo
20,Love Crazy
20,My Favorite Blonde
20,Sons and Lovers
21,Svengali
21,Born on the Fourth of July
21,Into the Wild
21,Stars and Bars
21,Principal
21,Coherence
21,Fathers' Day
22,My Favorite Blonde
22,Mondo
22,Hong Kong Confidential (Amaya)
22,Rumble on the Docks
22,Running
22,Stars and Bars
22,John Q
23,Manhattan Baby
23,Tales from the Gimli Hospital
23,Company of Wolves
23,Made in Heaven
23,John Q
23,After Life (Wandafuru raifu)
24,Wild Child
25,Venus in Fur (La Vénus à la fourrure)
25,Monkey's Paw
25,Six-String Samurai
25,Outside the Law
25,Enforcer
26,Method
27,Death in Brunswick
28,Happy Time
28,Motivation
28,A Summer in La Goulette
30,Blood Beast Terror
30,AmericanEast
31,Lagaan: Once Upon a Time in India
31,Shifty
31,Brand Upon the Brain!
31,Method
31,Fourth Kind
31,John Q
31,Julia
31,Eastern Promises
31,Man's Favorite Sport?
32,Sons and Lovers
32,Good German
32,Mike's Murder
32,After Life (Wandafuru raifu)
32,The Search for Santa Paws
33,Bobo
33,Confession
33,Report on the Party and the Guests
33,Descent: Part 2
33,Jealousy
34,Dying at Grace
34,The Search for Santa Paws
35,Enforcer
35,Lakota Woman: Siege at Wounded Knee
35,Death in Brunswick
36,Man's Favorite Sport?
36,Julia
37,Mondo
38,Pathfinder
38,A Summer in La Goulette
38,After Life (Wandafuru raifu)
39,Closing the Ring
40,Rosencrantz and Guildenstern Are Dead
43,Beats Rhymes & Life: The Travels of a Tribe Called Quest
43,Method
44,Rumble on the Docks
44,Descent: Part 2
48,Report on the Party and the Guests
50,Cell
51,Eastern Promises
51,Fear and Desire
51,Whole Town's Talking
51,Hong Kong Confidential (Amaya)
52,Warrior
52,Julia
53,Stranger in the House
53,Closing the Ring
53,Eastern Promises
54,Principal
55,Tennessee
55,American Pie Presents: The Book of Love (American Pie 1: The Book of Love)
56,Wild Child
57,Mata Hari
58,Outside the Law
58,Six-String Samurai
60,Venus in Fur (La Vénus à la fourrure)
61,Waterloo Bridge
62,Lakota Woman: Siege at Wounded Knee
63,Fear and Desire
63,Coherence
65,Waterloo Bridge
65,Story of Maths
65,Closing the Ring
67,Tennessee
69,Summer of '22
70,There's Always A Woman
70,Principal
72,Cell
74,Shifty
75,The Search for Santa Paws
75,Brother
78,Buster
79,Tennessee
80,Business as Usual
80,American Pie Presents: The Book of Love (American Pie 1: The Book of Love)
80,Bobo
81,The Search for Santa Paws
81,Basic
81,Jealousy
81,Tales from the Gimli Hospital
82,Another 28 Hrs.
82,Bodyguards and Assassins
82,Captain Corelli's Mandolin
83,Summer of '22
83,Young Again
84,Coherence
84,There's Always A Woman
85,Jerry Springer: Ringmaster
85,Young Again
86,Ethan Mao
86,AmericanEast
87,Venus in Fur (La Vénus à la fourrure)
87,AmericanEast
88,Rosencrantz and Guildenstern Are Dead
89,Summer of '22
90,Into the Wild
90,Godzilla vs. King Ghidorah (Gojira vs. Kingu Gidorâ)
91,Company of Wolves
91,Shifty
96,Wild Child
96,Femme Nikita
97,Descent: Part 2
97,Lakota Woman: Siege at Wounded Knee
97,Fathers' Day
98,Manhattan Baby
99,Hong Kong Confidential (Amaya)
100,Running
100,Tennessee
1000,Dying at Grace
1000,Princess Aurora (Orora gongju)
1000,Only the Lonely
2000,Fathers' Day
2000,313-EVIL II
2000,Tennessee
3000,Thieves Like Us
3000,Beats Rhymes & Life: The Travels of a Tribe Called Quest
4000,Waterloo Bridge
5000,Judas Kiss
5000,Rosencrantz and Guildenstern Are Dead
5000,John Q
6000,Running
7000,After Life (Wandafuru raifu)
8000,Hole in the Soul
10000,Captain Corelli's Mandolin
10000,Ethan Mao
10000,Waterloo Bridge
11000,Dr. Akagi (Kanzo sensei)
11000,Wild Child
11000,The Inspector
11000,Bloodbrothers
11000,Misérables
11000,Ciel est à vous
11000,Horrible Bosses
11000,California Solo
11000,American Pie Presents: The Book of Love (American Pie 1: The Book of Love)
11000,AmericanEast
12000,Contact
12000,Man's Favorite Sport?
12000,Godzilla vs. King Ghidorah (Gojira vs. Kingu Gidorâ)
12000,One I Love
12000,Far Country
12000,Death in Brunswick
12000,Outside the Law
13000,Love Crazy
13000,Brother
13000,Story of Maths
13000,Femme Nikita
13000,Movie
13000,Night of the Demons
13000,Julia
14000,The Search for Santa Paws
15000,Carson City
15000,Mata Hari
15000,Show
17000,Waterloo Bridge
18000,Adopted
18000,New Life
18000,There's Always A Woman
20000,Buster
20000,Six-String Samurai
20000,Princess Aurora (Orora gongju)
20000,Mondo
20000,Love Crazy
20000,My Favorite Blonde
20000,Sons and Lovers
21000,Svengali
21000,Born on the Fourth of July
21000,Into the Wild
21000,Stars and Bars
21000,Principal
21000,Coherence
21000,Fathers' Day
22000,My Favorite Blonde
22000,Mondo
22000,Hong Kong Confidential (Amaya)
22000,Rumble on the Docks
22000,Running
22000,Stars and Bars
22000,John Q
23000,Manhattan Baby
23000,Tales from the Gimli Hospital
23000,Company of Wolves
23000,Made in Heaven
23000,John Q
23000,After Life (Wandafuru raifu)
24000,Wild Child
25000,Venus in Fur (La Vénus à la fourrure)
25000,Monkey's Paw
25000,Six-String Samurai
25000,Outside the Law
25000,Enforcer
26000,Method
27000,Death in Brunswick
28000,Happy Time
28000,Motivation
28000,A Summer in La Goulette
30000,Blood Beast Terror
30000,AmericanEast
31000,Lagaan: Once Upon a Time in India
31000,Shifty
31000,Brand Upon the Brain!
31000,Method
31000,Fourth Kind
31000,John Q
31000,Julia
31000,Eastern Promises
31000,Man's Favorite Sport?
32000,Sons and Lovers
32000,Good German
32000,Mike's Murder
32000,After Life (Wandafuru raifu)
32000,The Search for Santa Paws
33000,Bobo
33000,Confession
33000,Report on the Party and the Guests
33000,Descent: Part 2
33000,Jealousy
34000,Dying at Grace
34000,The Search for Santa Paws
35000,Enforcer
35000,Lakota Woman: Siege at Wounded Knee
35000,Death in Brunswick
36000,Man's Favorite Sport?
36000,Julia
37000,Mondo
38000,Pathfinder
38000,A Summer in La Goulette
38000,After Life (Wandafuru raifu)
39000,Closing the Ring
40000,Rosencrantz and Guildenstern Are Dead
43000,Beats Rhymes & Life: The Travels of a Tribe Called Quest
43000,Method
44000,Rumble on the Docks
44000,Descent: Part 2
48000,Report on the Party and the Guests
50000,Cell
51000,Eastern Promises
51000,Fear and Desire
51000,Whole Town's Talking
51000,Hong Kong Confidential (Amaya)
52000,Warrior
52000,Julia
53000,Stranger in the House
53000,Closing the Ring
53000,Eastern Promises
54000,Principal
55000,Tennessee
55000,American Pie Presents: The Book of Love (American Pie 1: The Book of Love)
56000,Wild Child
57000,Mata Hari
58000,Outside the Law
58000,Six-String Samurai
60000,Venus in Fur (La Vénus à la fourrure)
61000,Waterloo Bridge
62000,Lakota Woman: Siege at Wounded Knee
63000,Fear and Desire
63000,Coherence
65000,Waterloo Bridge
65000,Story of Maths
65000,Closing the Ring
67000,Tennessee
69000,Summer of '22
70000,There's Always A Woman
70000,Principal
72000,Cell
74000,Shifty
75000,The Search for Santa Paws
75000,Brother
78000,Buster
79000,Tennessee
80000,Business as Usual
80000,American Pie Presents: The Book of Love (American Pie 1: The Book of Love)
80000,Bobo
81000,The Search for Santa Paws
81000,Basic
81000,Jealousy
81000,Tales from the Gimli Hospital
82000,Another 28 Hrs.
82000,Bodyguards and Assassins
82000,Captain Corelli's Mandolin
83000,Summer of '22
83000,Young Again
84000,Coherence
84000,There's Always A Woman
85000,Jerry Springer: Ringmaster
85000,Young Again
86000,Ethan Mao
86000,AmericanEast
87000,Venus in Fur (La Vénus à la fourrure)
87000,AmericanEast
88000,Rosencrantz and Guildenstern Are Dead
89000,Summer of '22
90000,Into the Wild
90000,Godzilla vs. King Ghidorah (Gojira vs. Kingu Gidorâ)
91000,Company of Wolves
91000,Shifty
96000,Wild Child
96000,Femme Nikita
97000,Descent: Part 2
97000,Lakota Woman: Siege at Wounded Knee
97000,Fathers' Day
98000,Manhattan Baby
99000,Hong Kong Confidential (Amaya)
100000,Running
100000,Tennessee
1001,Dying at Grace
1001,Princess Aurora (Orora gongju)
1001,Only the Lonely
2001,Fathers' Day
2001,313-EVIL II
2001,Tennessee
3001,Thieves Like Us
3001,Beats Rhymes & Life: The Travels of a Tribe Called Quest
4001,Waterloo Bridge
5001,Judas Kiss
5001,Rosencrantz and Guildenstern Are Dead
5001,John Q
6001,Running
7001,After Life (Wandafuru raifu)
8001,Hole in the Soul
10010,Captain Corelli's Mandolin
10010,Ethan Mao
10010,Waterloo Bridge
11001,Dr. Akagi (Kanzo sensei)
11001,Wild Child
11001,The Inspector
11001,Bloodbrothers
11001,Misérables
11001,Ciel est à vous
11001,Horrible Bosses
11001,California Solo
11001,American Pie Presents: The Book of Love (American Pie 1: The Book of Love)
11001,AmericanEast
12001,Contact
12001,Man's Favorite Sport?
12001,Godzilla vs. King Ghidorah (Gojira vs. Kingu Gidorâ)
12001,One I Love
12001,Far Country
12001,Death in Brunswick
12001,Outside the Law
13001,Love Crazy
13001,Brother
13001,Story of Maths
13001,Femme Nikita
13001,Movie
13001,Night of the Demons
13001,Julia
14001,The Search for Santa Paws
15001,Carson City
15001,Mata Hari
15001,Show
17001,Waterloo Bridge
18001,Adopted
18001,New Life
18001,There's Always A Woman
20010,Buster
20010,Six-String Samurai
20010,Princess Aurora (Orora gongju)
20010,Mondo
20010,Love Crazy
20010,My Favorite Blonde
20010,Sons and Lovers
21001,Svengali
21001,Born on the Fourth of July
21001,Into the Wild
21001,Stars and Bars
21001,Principal
21001,Coherence
21001,Fathers' Day
22001,My Favorite Blonde
22001,Mondo
22001,Hong Kong Confidential (Amaya)
22001,Rumble on the Docks
22001,Running
22001,Stars and Bars
22001,John Q
23001,Manhattan Baby
23001,Tales from the Gimli Hospital
23001,Company of Wolves
23001,Made in Heaven
23001,John Q
23001,After Life (Wandafuru raifu)
24001,Wild Child
25001,Venus in Fur (La Vénus à la fourrure)
25001,Monkey's Paw
25001,Six-String Samurai
25001,Outside the Law
25001,Enforcer
26001,Method
27001,Death in Brunswick
28001,Happy Time
28001,Motivation
28001,A Summer in La Goulette
30010,Blood Beast Terror
30010,AmericanEast
31001,Lagaan: Once Upon a Time in India
31001,Shifty
31001,Brand Upon the Brain!
31001,Method
31001,Fourth Kind
31001,John Q
31001,Julia
31001,Eastern Promises
31001,Man's Favorite Sport?
32001,Sons and Lovers
32001,Good German
32001,Mike's Murder
32001,After Life (Wandafuru raifu)
32001,The Search for Santa Paws
33001,Bobo
33001,Confession
33001,Report on the Party and the Guests
33001,Descent: Part 2
33001,Jealousy
34001,Dying at Grace
34001,The Search for Santa Paws
35001,Enforcer
35001,Lakota Woman: Siege at Wounded Knee
35001,Death in Brunswick
36001,Man's Favorite Sport?
36001,Julia
37001,Mondo
38001,Pathfinder
38001,A Summer in La Goulette
38001,After Life (Wandafuru raifu)
39001,Closing the Ring
40010,Rosencrantz and Guildenstern Are Dead
43001,Beats Rhymes & Life: The Travels of a Tribe Called Quest
43001,Method
44001,Rumble on the Docks
44001,Descent: Part 2
48001,Report on the Party and the Guests
50010,Cell
51001,Eastern Promises
51001,Fear and Desire
51001,Whole Town's Talking
51001,Hong Kong Confidential (Amaya)
52001,Warrior
52001,Julia
53001,Stranger in the House
53001,Closing the Ring
53001,Eastern Promises
54001,Principal
55001,Tennessee
55001,American Pie Presents: The Book of Love (American Pie 1: The Book of Love)
56001,Wild Child
57001,Mata Hari
58001,Outside the Law
58001,Six-String Samurai
60010,Venus in Fur (La Vénus à la fourrure)
61001,Waterloo Bridge
62001,Lakota Woman: Siege at Wounded Knee
63001,Fear and Desire
63001,Coherence
65001,Waterloo Bridge
65001,Story of Maths
65001,Closing the Ring
67001,Tennessee
69001,Summer of '22
70010,There's Always A Woman
70010,Principal
72001,Cell
74001,Shifty
75001,The Search for Santa Paws
75001,Brother
78001,Buster
79001,Tennessee
80010,Business as Usual
80010,American Pie Presents: The Book of Love (American Pie 1: The Book of Love)
80010,Bobo
81001,The Search for Santa Paws
81001,Basic
81001,Jealousy
81001,Tales from the Gimli Hospital
82001,Another 28 Hrs.
82001,Bodyguards and Assassins
82001,Captain Corelli's Mandolin
83001,Summer of '22
83001,Young Again
84001,Coherence
84001,There's Always A Woman
85001,Jerry Springer: Ringmaster
85001,Young Again
86001,Ethan Mao
86001,AmericanEast
87001,Venus in Fur (La Vénus à la fourrure)
87001,AmericanEast
88001,Rosencrantz and Guildenstern Are Dead
89001,Summer of '22
90010,Into the Wild
90010,Godzilla vs. King Ghidorah (Gojira vs. Kingu Gidorâ)
91001,Company of Wolves
91001,Shifty
96001,Wild Child
96001,Femme Nikita
97001,Descent: Part 2
97001,Lakota Woman: Siege at Wounded Knee
97001,Fathers' Day
98001,Manhattan Baby
99001,Hong Kong Confidential (Amaya)
100100,Running
100100,Tennessee
1002,Dying at Grace
1002,Princess Aurora (Orora gongju)
1002,Only the Lonely
2002,Fathers' Day
2002,313-EVIL II
2002,Tennessee
3002,Thieves Like Us
3002,Beats Rhymes & Life: The Travels of a Tribe Called Quest
4002,Waterloo Bridge
5002,Judas Kiss
5002,Rosencrantz and Guildenstern Are Dead
5002,John Q
6002,Running
7002,After Life (Wandafuru raifu)
8002,Hole in the Soul
10020,Captain Corelli's Mandolin
10020,Ethan Mao
10020,Waterloo Bridge
11002,Dr. Akagi (Kanzo sensei)
11002,Wild Child
11002,The Inspector
11002,Bloodbrothers
11002,Misérables
11002,Ciel est à vous
11002,Horrible Bosses
11002,California Solo
11002,American Pie Presents: The Book of Love (American Pie 1: The Book of Love)
11002,AmericanEast
12002,Contact
12002,Man's Favorite Sport?
12002,Godzilla vs. King Ghidorah (Gojira vs. Kingu Gidorâ)
12002,One I Love
12002,Far Country
12002,Death in Brunswick
12002,Outside the Law
13002,Love Crazy
13002,Brother
13002,Story of Maths
13002,Femme Nikita
13002,Movie
13002,Night of the Demons
13002,Julia
14002,The Search for Santa Paws
15002,Carson City
15002,Mata Hari
15002,Show
17002,Waterloo Bridge
18002,Adopted
18002,New Life
18002,There's Always A Woman
20020,Buster
20020,Six-String Samurai
20020,Princess Aurora (Orora gongju)
20020,Mondo
20020,Love Crazy
20020,My Favorite Blonde
20020,Sons and Lovers
21002,Svengali
21002,Born on the Fourth of July
21002,Into the Wild
21002,Stars and Bars
21002,Principal
21002,Coherence
21002,Fathers' Day
22002,My Favorite Blonde
22002,Mondo
22002,Hong Kong Confidential (Amaya)
22002,Rumble on the Docks
22002,Running
22002,Stars and Bars
22002,John Q
23002,Manhattan Baby
23002,Tales from the Gimli Hospital
23002,Company of Wolves
23002,Made in Heaven
23002,John Q
23002,After Life (Wandafuru raifu)
24002,Wild Child
25002,Venus in Fur (La Vénus à la fourrure)
25002,Monkey's Paw
25002,Six-String Samurai
25002,Outside the Law
25002,Enforcer
26002,Method
27002,Death in Brunswick
28002,Happy Time
28002,Motivation
28002,A Summer in La Goulette
30020,Blood Beast Terror
30020,AmericanEast
31002,Lagaan: Once Upon a Time in India
31002,Shifty
31002,Brand Upon the Brain!
31002,Method
31002,Fourth Kind
31002,John Q
31002,Julia
31002,Eastern Promises
31002,Man's Favorite Sport?
32002,Sons and Lovers
32002,Good German
32002,Mike's Murder
32002,After Life (Wandafuru raifu)
32002,The Search for Santa Paws
33002,Bobo
33002,Confession
33002,Report on the Party and the Guests
33002,Descent: Part 2
33002,Jealousy
34002,Dying at Grace
34002,The Search for Santa Paws
35002,Enforcer
35002,Lakota Woman: Siege at Wounded Knee
35002,Death in Brunswick
36002,Man's Favorite Sport?
36002,Julia
37002,Mondo
38002,Pathfinder
38002,A Summer in La Goulette
38002,After Life (Wandafuru raifu)
39002,Closing the Ring
40020,Rosencrantz and Guildenstern Are Dead
43002,Beats Rhymes & Life: The Travels of a Tribe Called Quest
43002,Method
44002,Rumble on the Docks
44002,Descent: Part 2
48002,Report on the Party and the Guests
50020,Cell
51002,Eastern Promises
51002,Fear and Desire
51002,Whole Town's Talking
51002,Hong Kong Confidential (Amaya)
52002,Warrior
52002,Julia
53002,Stranger in the House
53002,Closing the Ring
53002,Eastern Promises
54002,Principal
55002,Tennessee
55002,American Pie Presents: The Book of Love (American Pie 1: The Book of Love)
56002,Wild Child
57002,Mata Hari
58002,Outside the Law
58002,Six-String Samurai
60020,Venus in Fur (La Vénus à la fourrure)
61002,Waterloo Bridge
62002,Lakota Woman: Siege at Wounded Knee
63002,Fear and Desire
63002,Coherence
65002,Waterloo Bridge
65002,Story of Maths
65002,Closing the Ring
67002,Tennessee
69002,Summer of '22
70020,There's Always A Woman
70020,Principal
72002,Cell
74002,Shifty
75002,The Search for Santa Paws
75002,Brother
78002,Buster
79002,Tennessee
80020,Business as Usual
80020,American Pie Presents: The Book of Love (American Pie 1: The Book of Love)
80020,Bobo
81002,The Search for Santa Paws
81002,Basic
81002,Jealousy
81002,Tales from the Gimli Hospital
82002,Another 28 Hrs.
82002,Bodyguards and Assassins
82002,Captain Corelli's Mandolin
83002,Summer of '22
83002,Young Again
84002,Coherence
84002,There's Always A Woman
85002,Jerry Springer: Ringmaster
85002,Young Again
86002,Ethan Mao
86002,AmericanEast
87002,Venus in Fur (La Vénus à la fourrure)
87002,AmericanEast
88002,Rosencrantz and Guildenstern Are Dead
89002,Summer of '22
90020,Into the Wild
90020,Godzilla vs. King Ghidorah (Gojira vs. Kingu Gidorâ)
91002,Company of Wolves
91002,Shifty
96002,Wild Child
96002,Femme Nikita
97002,Descent: Part 2
97002,Lakota Woman: Siege at Wounded Knee
97002,Fathers' Day
98002,Manhattan Baby
99002,Hong Kong Confidential (Amaya)
100200,Running
100200,Tennessee
1003,Dying at Grace
1003,Princess Aurora (Orora gongju)
1003,Only the Lonely
2003,Fathers' Day
2003,313-EVIL II
2003,Tennessee
3003,Thieves Like Us
3003,Beats Rhymes & Life: The Travels of a Tribe Called Quest
4003,Waterloo Bridge
5003,Judas Kiss
5003,Rosencrantz and Guildenstern Are Dead
5003,John Q
6003,Running
7003,After Life (Wandafuru raifu)
8003,Hole in the Soul
10030,Captain Corelli's Mandolin
10030,Ethan Mao
10030,Waterloo Bridge
11003,Dr. Akagi (Kanzo sensei)
11003,Wild Child
11003,The Inspector
11003,Bloodbrothers
11003,Misérables
11003,Ciel est à vous
11003,Horrible Bosses
11003,California Solo
11003,American Pie Presents: The Book of Love (American Pie 1: The Book of Love)
11003,AmericanEast
12003,Contact
12003,Man's Favorite Sport?
12003,Godzilla vs. King Ghidorah (Gojira vs. Kingu Gidorâ)
12003,One I Love
12003,Far Country
12003,Death in Brunswick
12003,Outside the Law
13003,Love Crazy
13003,Brother
13003,Story of Maths
13003,Femme Nikita
13003,Movie
13003,Night of the Demons
13003,Julia
14003,The Search for Santa Paws
15003,Carson City
15003,Mata Hari
15003,Show
17003,Waterloo Bridge
18003,Adopted
18003,New Life
18003,There's Always A Woman
20030,Buster
20030,Six-String Samurai
20030,Princess Aurora (Orora gongju)
20030,Mondo
20030,Love Crazy
20030,My Favorite Blonde
20030,Sons and Lovers
21003,Svengali
21003,Born on the Fourth of July
21003,Into the Wild
21003,Stars and Bars
21003,Principal
21003,Coherence
21003,Fathers' Day
22003,My Favorite Blonde
22003,Mondo
22003,Hong Kong Confidential (Amaya)
22003,Rumble on the Docks
22003,Running
22003,Stars and Bars
22003,John Q
23003,Manhattan Baby
23003,Tales from the Gimli Hospital
23003,Company of Wolves
23003,Made in Heaven
23003,John Q
23003,After Life (Wandafuru raifu)
24003,Wild Child
25003,Venus in Fur (La Vénus à la fourrure)
25003,Monkey's Paw
25003,Six-String Samurai
25003,Outside the Law
25003,Enforcer
26003,Method
27003,Death in Brunswick
28003,Happy Time
28003,Motivation
28003,A Summer in La Goulette
30030,Blood Beast Terror
30030,AmericanEast
31003,Lagaan: Once Upon a Time in India
31003,Shifty
31003,Brand Upon the Brain!
31003,Method
31003,Fourth Kind
31003,John Q
31003,Julia
31003,Eastern Promises
31003,Man's Favorite Sport?
32003,Sons and Lovers
32003,Good German
32003,Mike's Murder
32003,After Life (Wandafuru raifu)
32003,The Search for Santa Paws
33003,Bobo
33003,Confession
33003,Report on the Party and the Guests
33003,Descent: Part 2
33003,Jealousy
34003,Dying at Grace
34003,The Search for Santa Paws
35003,Enforcer
35003,Lakota Woman: Siege at Wounded Knee
35003,Death in Brunswick
36003,Man's Favorite Sport?
36003,Julia
37003,Mondo
38003,Pathfinder
38003,A Summer in La Goulette
38003,After Life (Wandafuru raifu)
39003,Closing the Ring
40030,Rosencrantz and Guildenstern Are Dead
43003,Beats Rhymes & Life: The Travels of a Tribe Called Quest
43003,Method
44003,Rumble on the Docks
44003,Descent: Part 2
48003,Report on the Party and the Guests
50030,Cell
51003,Eastern Promises
51003,Fear and Desire
51003,Whole Town's Talking
51003,Hong Kong Confidential (Amaya)
52003,Warrior
52003,Julia
53003,Stranger in the House
53003,Closing the Ring
53003,Eastern Promises
54003,Principal
55003,Tennessee
55003,American Pie Presents: The Book of Love (American Pie 1: The Book of Love)
56003,Wild Child
57003,Mata Hari
58003,Outside the Law
58003,Six-String Samurai
60030,Venus in Fur (La Vénus à la fourrure)
61003,Waterloo Bridge
62003,Lakota Woman: Siege at Wounded Knee
63003,Fear and Desire
63003,Coherence
65003,Waterloo Bridge
65003,Story of Maths
65003,Closing the Ring
67003,Tennessee
69003,Summer of '22
70030,There's Always A Woman
70030,Principal
72003,Cell
74003,Shifty
75003,The Search for Santa Paws
75003,Brother
78003,Buster
79003,Tennessee
80030,Business as Usual
80030,American Pie Presents: The Book of Love (American Pie 1: The Book of Love)
80030,Bobo
81003,The Search for Santa Paws
81003,Basic
81003,Jealousy
81003,Tales from the Gimli Hospital
82003,Another 28 Hrs.
82003,Bodyguards and Assassins
82003,Captain Corelli's Mandolin
83003,Summer of '22
83003,Young Again
84003,Coherence
84003,There's Always A Woman
85003,Jerry Springer: Ringmaster
85003,Young Again
86003,Ethan Mao
86003,AmericanEast
87003,Venus in Fur (La Vénus à la fourrure)
87003,AmericanEast
88003,Rosencrantz and Guildenstern Are Dead
89003,Summer of '22
90030,Into the Wild
90030,Godzilla vs. King Ghidorah (Gojira vs. Kingu Gidorâ)
91003,Company of Wolves
91003,Shifty
96003,Wild Child
96003,Femme Nikita
97003,Descent: Part 2
97003,Lakota Woman: Siege at Wounded Knee
97003,Fathers' Day
98003,Manhattan Baby
99003,Hong Kong Confidential (Amaya)
100300,Running
100300,Tennessee
1004,Dying at Grace
1004,Princess Aurora (Orora gongju)
1004,Only the Lonely
2004,Fathers' Day
2004,313-EVIL II
2004,Tennessee
3004,Thieves Like Us
3004,Beats Rhymes & Life: The Travels of a Tribe Called Quest
4004,Waterloo Bridge
5004,Judas Kiss
5004,Rosencrantz and Guildenstern Are Dead
5004,John Q
6004,Running
7004,After Life (Wandafuru raifu)
8004,Hole in the Soul
10040,Captain Corelli's Mandolin
10040,Ethan Mao
10040,Waterloo Bridge
11004,Dr. Akagi (Kanzo sensei)
11004,Wild Child
11004,The Inspector
11004,Bloodbrothers
11004,Misérables
11004,Ciel est à vous
11004,Horrible Bosses
11004,California Solo
11004,American Pie Presents: The Book of Love (American Pie 1: The Book of Love)
11004,AmericanEast
12004,Contact
12004,Man's Favorite Sport?
12004,Godzilla vs. King Ghidorah (Gojira vs. Kingu Gidorâ)
12004,One I Love
12004,Far Country
12004,Death in Brunswick
12004,Outside the Law
13004,Love Crazy
13004,Brother
13004,Story of Maths
13004,Femme Nikita
13004,Movie
13004,Night of the Demons
13004,Julia
14004,The Search for Santa Paws
15004,Carson City
15004,Mata Hari
15004,Show
17004,Waterloo Bridge
18004,Adopted
18004,New Life
18004,There's Always A Woman
20040,Buster
20040,Six-String Samurai
20040,Princess Aurora (Orora gongju)
20040,Mondo
20040,Love Crazy
20040,My Favorite Blonde
20040,Sons and Lovers
21004,Svengali
21004,Born on the Fourth of July
21004,Into the Wild
21004,Stars and Bars
21004,Principal
21004,Coherence
21004,Fathers' Day
22004,My Favorite Blonde
22004,Mondo
22004,Hong Kong Confidential (Amaya)
22004,Rumble on the Docks
22004,Running
22004,Stars and Bars
22004,John Q
23004,Manhattan Baby
23004,Tales from the Gimli Hospital
23004,Company of Wolves
23004,Made in Heaven
23004,John Q
23004,After Life (Wandafuru raifu)
24004,Wild Child
25004,Venus in Fur (La Vénus à la fourrure)
25004,Monkey's Paw
25004,Six-String Samurai
25004,Outside the Law
25004,Enforcer
26004,Method
27004,Death in Brunswick
28004,Happy Time
28004,Motivation
28004,A Summer in La Goulette
30040,Blood Beast Terror
30040,AmericanEast
31004,Lagaan: Once Upon a Time in India
31004,Shifty
31004,Brand Upon the Brain!
31004,Method
31004,Fourth Kind
31004,John Q
31004,Julia
31004,Eastern Promises
31004,Man's Favorite Sport?
32004,Sons and Lovers
32004,Good German
32004,Mike's Murder
32004,After Life (Wandafuru raifu)
32004,The Search for Santa Paws
33004,Bobo
33004,Confession
33004,Report on the Party and the Guests
33004,Descent: Part 2
33004,Jealousy
34004,Dying at Grace
34004,The Search for Santa Paws
35004,Enforcer
35004,Lakota Woman: Siege at Wounded Knee
35004,Death in Brunswick
36004,Man's Favorite Sport?
36004,Julia
37004,Mondo
38004,Pathfinder
38004,A Summer in La Goulette
38004,After Life (Wandafuru raifu)
39004,Closing the Ring
40040,Rosencrantz and Guildenstern Are Dead
43004,Beats Rhymes & Life: The Travels of a Tribe Called Quest
43004,Method
44004,Rumble on the Docks
44004,Descent: Part 2
48004,Report on the Party and the Guests
50040,Cell
51004,Eastern Promises
51004,Fear and Desire
51004,Whole Town's Talking
51004,Hong Kong Confidential (Amaya)
52004,Warrior
52004,Julia
53004,Stranger in the House
53004,Closing the Ring
53004,Eastern Promises
54004,Principal
55004,Tennessee
55004,American Pie Presents: The Book of Love (American Pie 1: The Book of Love)
56004,Wild Child
57004,Mata Hari
58004,Outside the Law
58004,Six-String Samurai
60040,Venus in Fur (La Vénus à la fourrure)
61004,Waterloo Bridge
62004,Lakota Woman: Siege at Wounded Knee
63004,Fear and Desire
63004,Coherence
65004,Waterloo Bridge
65004,Story of Maths
65004,Closing the Ring
67004,Tennessee
69004,Summer of '22
70040,There's Always A Woman
70040,Principal
72004,Cell
74004,Shifty
75004,The Search for Santa Paws
75004,Brother
78004,Buster
79004,Tennessee
80040,Business as Usual
80040,American Pie Presents: The Book of Love (American Pie 1: The Book of Love)
80040,Bobo
81004,The Search for Santa Paws
81004,Basic
81004,Jealousy
81004,Tales from the Gimli Hospital
82004,Another 28 Hrs.
82004,Bodyguards and Assassins
82004,Captain Corelli's Mandolin
83004,Summer of '22
83004,Young Again
84004,Coherence
84004,There's Always A Woman
85004,Jerry Springer: Ringmaster
85004,Young Again
86004,Ethan Mao
86004,AmericanEast
87004,Venus in Fur (La Vénus à la fourrure)
87004,AmericanEast
88004,Rosencrantz and Guildenstern Are Dead
89004,Summer of '22
90040,Into the Wild
90040,Godzilla vs. King Ghidorah (Gojira vs. Kingu Gidorâ)
91004,Company of Wolves
91004,Shifty
96004,Wild Child
96004,Femme Nikita
97004,Descent: Part 2
97004,Lakota Woman: Siege at Wounded Knee
97004,Fathers' Day
98004,Manhattan Baby
99004,Hong Kong Confidential (Amaya)
100400,Running
100400,Tennessee
1005,Dying at Grace
1005,Princess Aurora (Orora gongju)
1005,Only the Lonely
2005,Fathers' Day
2005,313-EVIL II
2005,Tennessee
3005,Thieves Like Us
3005,Beats Rhymes & Life: The Travels of a Tribe Called Quest
4005,Waterloo Bridge
5005,Judas Kiss
5005,Rosencrantz and Guildenstern Are Dead
5005,John Q
6005,Running
7005,After Life (Wandafuru raifu)
8005,Hole in the Soul
10050,Captain Corelli's Mandolin
10050,Ethan Mao
10050,Waterloo Bridge
11005,Dr. Akagi (Kanzo sensei)
11005,Wild Child
11005,The Inspector
11005,Bloodbrothers
11005,Misérables
11005,Ciel est à vous
11005,Horrible Bosses
11005,California Solo
11005,American Pie Presents: The Book of Love (American Pie 1: The Book of Love)
11005,AmericanEast
12005,Contact
12005,Man's Favorite Sport?
12005,Godzilla vs. King Ghidorah (Gojira vs. Kingu Gidorâ)
12005,One I Love
12005,Far Country
12005,Death in Brunswick
12005,Outside the Law
13005,Love Crazy
13005,Brother
13005,Story of Maths
13005,Femme Nikita
13005,Movie
13005,Night of the Demons
13005,Julia
14005,The Search for Santa Paws
15005,Carson City
15005,Mata Hari
15005,Show
17005,Waterloo Bridge
18005,Adopted
18005,New Life
18005,There's Always A Woman
20050,Buster
20050,Six-String Samurai
20050,Princess Aurora (Orora gongju)
20050,Mondo
20050,Love Crazy
20050,My Favorite Blonde
20050,Sons and Lovers
21005,Svengali
21005,Born on the Fourth of July
21005,Into the Wild
21005,Stars and Bars
21005,Principal
21005,Coherence
21005,Fathers' Day
22005,My Favorite Blonde
22005,Mondo
22005,Hong Kong Confidential (Amaya)
22005,Rumble on the Docks
22005,Running
22005,Stars and Bars
22005,John Q
23005,Manhattan Baby
23005,Tales from the Gimli Hospital
23005,Company of Wolves
23005,Made in Heaven
23005,John Q
23005,After Life (Wandafuru raifu)
24005,Wild Child
25005,Venus in Fur (La Vénus à la fourrure)
25005,Monkey's Paw
25005,Six-String Samurai
25005,Outside the Law
25005,Enforcer
26005,Method
27005,Death in Brunswick
28005,Happy Time
28005,Motivation
28005,A Summer in La Goulette
30050,Blood Beast Terror
30050,AmericanEast
31005,Lagaan: Once Upon a Time in India
31005,Shifty
31005,Brand Upon the Brain!
31005,Method
31005,Fourth Kind
31005,John Q
31005,Julia
31005,Eastern Promises
31005,Man's Favorite Sport?
32005,Sons and Lovers
32005,Good German
32005,Mike's Murder
32005,After Life (Wandafuru raifu)
32005,The Search for Santa Paws
33005,Bobo
33005,Confession
33005,Report on the Party and the Guests
33005,Descent: Part 2
33005,Jealousy
34005,Dying at Grace
34005,The Search for Santa Paws
35005,Enforcer
35005,Lakota Woman: Siege at Wounded Knee
35005,Death in Brunswick
36005,Man's Favorite Sport?
36005,Julia
37005,Mondo
38005,Pathfinder
38005,A Summer in La Goulette
38005,After Life (Wandafuru raifu)
39005,Closing the Ring
40050,Rosencrantz and Guildenstern Are Dead
43005,Beats Rhymes & Life: The Travels of a Tribe Called Quest
43005,Method
44005,Rumble on the Docks
44005,Descent: Part 2
48005,Report on the Party and the Guests
50050,Cell
51005,Eastern Promises
51005,Fear and Desire
51005,Whole Town's Talking
51005,Hong Kong Confidential (Amaya)
52005,Warrior
52005,Julia
53005,Stranger in the House
53005,Closing the Ring
53005,Eastern Promises
54005,Principal
55005,Tennessee
55005,American Pie Presents: The Book of Love (American Pie 1: The Book of Love)
56005,Wild Child
57005,Mata Hari
58005,Outside the Law
58005,Six-String Samurai
60050,Venus in Fur (La Vénus à la fourrure)
61005,Waterloo Bridge
62005,Lakota Woman: Siege at Wounded Knee
63005,Fear and Desire
63005,Coherence
65005,Waterloo Bridge
65005,Story of Maths
65005,Closing the Ring
67005,Tennessee
69005,Summer of '22
70050,There's Always A Woman
70050,Principal
72005,Cell
74005,Shifty
75005,The Search for Santa Paws
75005,Brother
78005,Buster
79005,Tennessee
80050,Business as Usual
80050,American Pie Presents: The Book of Love (American Pie 1: The Book of Love)
80050,Bobo
81005,The Search for Santa Paws
81005,Basic
81005,Jealousy
81005,Tales from the Gimli Hospital
82005,Another 28 Hrs.
82005,Bodyguards and Assassins
82005,Captain Corelli's Mandolin
83005,Summer of '22
83005,Young Again
84005,Coherence
84005,There's Always A Woman
85005,Jerry Springer: Ringmaster
85005,Young Again
86005,Ethan Mao
86005,AmericanEast
87005,Venus in Fur (La Vénus à la fourrure)
87005,AmericanEast
88005,Rosencrantz and Guildenstern Are Dead
89005,Summer of '22
90050,Into the Wild
90050,Godzilla vs. King Ghidorah (Gojira vs. Kingu Gidorâ)
91005,Company of Wolves
91005,Shifty
96005,Wild Child
96005,Femme Nikita
97005,Descent: Part 2
97005,Lakota Woman: Siege at Wounded Knee
97005,Fathers' Day
98005,Manhattan Baby
99005,Hong Kong Confidential (Amaya)
100500,Running
100500,Tennessee
1006,Dying at Grace
1006,Princess Aurora (Orora gongju)
1006,Only the Lonely
2006,Fathers' Day
2006,313-EVIL II
2006,Tennessee
3006,Thieves Like Us
3006,Beats Rhymes & Life: The Travels of a Tribe Called Quest
4006,Waterloo Bridge
6006,Judas Kiss
6006,Rosencrantz and Guildenstern Are Dead
6006,John Q
6006,Running
7006,After Life (Wandafuru raifu)
8006,Hole in the Soul
10060,Captain Corelli's Mandolin
10060,Ethan Mao
10060,Waterloo Bridge
11006,Dr. Akagi (Kanzo sensei)
11006,Wild Child
11006,The Inspector
11006,Bloodbrothers
11006,Misérables
11006,Ciel est à vous
11006,Horrible Bosses
11006,California Solo
11006,American Pie Presents: The Book of Love (American Pie 1: The Book of Love)
11006,AmericanEast
12006,Contact
12006,Man's Favorite Sport?
12006,Godzilla vs. King Ghidorah (Gojira vs. Kingu Gidorâ)
12006,One I Love
12006,Far Country
12006,Death in Brunswick
12006,Outside the Law
13006,Love Crazy
13006,Brother
13006,Story of Maths
13006,Femme Nikita
13006,Movie
13006,Night of the Demons
13006,Julia
14006,The Search for Santa Paws
16006,Carson City
16006,Mata Hari
16006,Show
17006,Waterloo Bridge
18006,Adopted
18006,New Life
18006,There's Always A Woman
20060,Buster
20060,Six-String Samurai
20060,Princess Aurora (Orora gongju)
20060,Mondo
20060,Love Crazy
20060,My Favorite Blonde
20060,Sons and Lovers
21006,Svengali
21006,Born on the Fourth of July
21006,Into the Wild
21006,Stars and Bars
21006,Principal
21006,Coherence
21006,Fathers' Day
22006,My Favorite Blonde
22006,Mondo
22006,Hong Kong Confidential (Amaya)
22006,Rumble on the Docks
22006,Running
22006,Stars and Bars
22006,John Q
23006,Manhattan Baby
23006,Tales from the Gimli Hospital
23006,Company of Wolves
23006,Made in Heaven
23006,John Q
23006,After Life (Wandafuru raifu)
24006,Wild Child
26006,Venus in Fur (La Vénus à la fourrure)
26006,Monkey's Paw
26006,Six-String Samurai
26006,Outside the Law
26006,Enforcer
26006,Method
27006,Death in Brunswick
28006,Happy Time
28006,Motivation
28006,A Summer in La Goulette
30060,Blood Beast Terror
30060,AmericanEast
31006,Lagaan: Once Upon a Time in India
31006,Shifty
31006,Brand Upon the Brain!
31006,Method
31006,Fourth Kind
31006,John Q
31006,Julia
31006,Eastern Promises
31006,Man's Favorite Sport?
32006,Sons and Lovers
32006,Good German
32006,Mike's Murder
32006,After Life (Wandafuru raifu)
32006,The Search for Santa Paws
33006,Bobo
33006,Confession
33006,Report on the Party and the Guests
33006,Descent: Part 2
33006,Jealousy
34006,Dying at Grace
34006,The Search for Santa Paws
36006,Enforcer
36006,Lakota Woman: Siege at Wounded Knee
36006,Death in Brunswick
36006,Man's Favorite Sport?
36006,Julia
37006,Mondo
38006,Pathfinder
38006,A Summer in La Goulette
38006,After Life (Wandafuru raifu)
39006,Closing the Ring
40060,Rosencrantz and Guildenstern Are Dead
43006,Beats Rhymes & Life: The Travels of a Tribe Called Quest
43006,Method
44006,Rumble on the Docks
44006,Descent: Part 2
48006,Report on the Party and the Guests
60060,Cell
61006,Eastern Promises
61006,Fear and Desire
61006,Whole Town's Talking
61006,Hong Kong Confidential (Amaya)
62006,Warrior
62006,Julia
63006,Stranger in the House
63006,Closing the Ring
63006,Eastern Promises
64006,Principal
6006,Tennessee
6006,American Pie Presents: The Book of Love (American Pie 1: The Book of Love)
66006,Wild Child
67006,Mata Hari
68006,Outside the Law
68006,Six-String Samurai
60060,Venus in Fur (La Vénus à la fourrure)
61006,Waterloo Bridge
62006,Lakota Woman: Siege at Wounded Knee
63006,Fear and Desire
63006,Coherence
66006,Waterloo Bridge
66006,Story of Maths
66006,Closing the Ring
67006,Tennessee
69006,Summer of '22
70060,There's Always A Woman
70060,Principal
72006,Cell
74006,Shifty
76006,The Search for Santa Paws
76006,Brother
78006,Buster
79006,Tennessee
80060,Business as Usual
80060,American Pie Presents: The Book of Love (American Pie 1: The Book of Love)
80060,Bobo
81006,The Search for Santa Paws
81006,Basic
81006,Jealousy
81006,Tales from the Gimli Hospital
82006,Another 28 Hrs.
82006,Bodyguards and Assassins
82006,Captain Corelli's Mandolin
83006,Summer of '22
83006,Young Again
84006,Coherence
84006,There's Always A Woman
86006,Jerry Springer: Ringmaster
86006,Young Again
86006,Ethan Mao
86006,AmericanEast
87006,Venus in Fur (La Vénus à la fourrure)
87006,AmericanEast
88006,Rosencrantz and Guildenstern Are Dead
89006,Summer of '22
90060,Into the Wild
90060,Godzilla vs. King Ghidorah (Gojira vs. Kingu Gidorâ)
91006,Company of Wolves
91006,Shifty
96006,Wild Child
96006,Femme Nikita
97006,Descent: Part 2
97006,Lakota Woman: Siege at Wounded Knee
97006,Fathers' Day
98006,Manhattan Baby
99006,Hong Kong Confidential (Amaya)
100600,Running
100600,Tennessee
1007,Dying at Grace
1007,Princess Aurora (Orora gongju)
1007,Only the Lonely
2007,Fathers' Day
2007,313-EVIL II
2007,Tennessee
3007,Thieves Like Us
3007,Beats Rhymes & Life: The Travels of a Tribe Called Quest
4007,Waterloo Bridge
6007,Judas Kiss
6007,Rosencrantz and Guildenstern Are Dead
6007,John Q
6007,Running
7007,After Life (Wandafuru raifu)
8007,Hole in the Soul
10070,Captain Corelli's Mandolin
10070,Ethan Mao
10070,Waterloo Bridge
11007,Dr. Akagi (Kanzo sensei)
11007,Wild Child
11007,The Inspector
11007,Bloodbrothers
11007,Misérables
11007,Ciel est à vous
11007,Horrible Bosses
11007,California Solo
11007,American Pie Presents: The Book of Love (American Pie 1: The Book of Love)
11007,AmericanEast
12007,Contact
12007,Man's Favorite Sport?
12007,Godzilla vs. King Ghidorah (Gojira vs. Kingu Gidorâ)
12007,One I Love
12007,Far Country
12007,Death in Brunswick
12007,Outside the Law
13007,Love Crazy
13007,Brother
13007,Story of Maths
13007,Femme Nikita
13007,Movie
13007,Night of the Demons
13007,Julia
14007,The Search for Santa Paws
16007,Carson City
16007,Mata Hari
16007,Show
17007,Waterloo Bridge
18007,Adopted
18007,New Life
18007,There's Always A Woman
20070,Buster
20070,Six-String Samurai
20070,Princess Aurora (Orora gongju)
20070,Mondo
20070,Love Crazy
20070,My Favorite Blonde
20070,Sons and Lovers
21007,Svengali
21007,Born on the Fourth of July
21007,Into the Wild
21007,Stars and Bars
21007,Principal
21007,Coherence
21007,Fathers' Day
22007,My Favorite Blonde
22007,Mondo
22007,Hong Kong Confidential (Amaya)
22007,Rumble on the Docks
22007,Running
22007,Stars and Bars
22007,John Q
23007,Manhattan Baby
23007,Tales from the Gimli Hospital
23007,Company of Wolves
23007,Made in Heaven
23007,John Q
23007,After Life (Wandafuru raifu)
24007,Wild Child
26007,Venus in Fur (La Vénus à la fourrure)
26007,Monkey's Paw
26007,Six-String Samurai
26007,Outside the Law
26007,Enforcer
26007,Method
27007,Death in Brunswick
28007,Happy Time
28007,Motivation
28007,A Summer in La Goulette
30070,Blood Beast Terror
30070,AmericanEast
31007,Lagaan: Once Upon a Time in India
31007,Shifty
31007,Brand Upon the Brain!
31007,Method
31007,Fourth Kind
31007,John Q
31007,Julia
31007,Eastern Promises
31007,Man's Favorite Sport?
32007,Sons and Lovers
32007,Good German
32007,Mike's Murder
32007,After Life (Wandafuru raifu)
32007,The Search for Santa Paws
33007,Bobo
33007,Confession
33007,Report on the Party and the Guests
33007,Descent: Part 2
33007,Jealousy
34007,Dying at Grace
34007,The Search for Santa Paws
36007,Enforcer
36007,Lakota Woman: Siege at Wounded Knee
36007,Death in Brunswick
36007,Man's Favorite Sport?
36007,Julia
37007,Mondo
38007,Pathfinder
38007,A Summer in La Goulette
38007,After Life (Wandafuru raifu)
39007,Closing the Ring
40070,Rosencrantz and Guildenstern Are Dead
43007,Beats Rhymes & Life: The Travels of a Tribe Called Quest
43007,Method
44007,Rumble on the Docks
44007,Descent: Part 2
48007,Report on the Party and the Guests
60070,Cell
61007,Eastern Promises
61007,Fear and Desire
61007,Whole Town's Talking
61007,Hong Kong Confidential (Amaya)
62007,Warrior
62007,Julia
63007,Stranger in the House
63007,Closing the Ring
63007,Eastern Promises
64007,Principal
6007,Tennessee
6007,American Pie Presents: The Book of Love (American Pie 1: The Book of Love)
66007,Wild Child
67007,Mata Hari
68007,Outside the Law
68007,Six-String Samurai
60070,Venus in Fur (La Vénus à la fourrure)
61007,Waterloo Bridge
62007,Lakota Woman: Siege at Wounded Knee
63007,Fear and Desire
63007,Coherence
66007,Waterloo Bridge
66007,Story of Maths
66007,Closing the Ring
67007,Tennessee
69007,Summer of '22
70070,There's Always A Woman
70070,Principal
72007,Cell
74007,Shifty
76007,The Search for Santa Paws
76007,Brother
78007,Buster
79007,Tennessee
80070,Business as Usual
80070,American Pie Presents: The Book of Love (American Pie 1: The Book of Love)
80070,Bobo
81007,The Search for Santa Paws
81007,Basic
81007,Jealousy
81007,Tales from the Gimli Hospital
82007,Another 28 Hrs.
82007,Bodyguards and Assassins
82007,Captain Corelli's Mandolin
83007,Summer of '22
83007,Young Again
84007,Coherence
84007,There's Always A Woman
86007,Jerry Springer: Ringmaster
86007,Young Again
86007,Ethan Mao
86007,AmericanEast
87007,Venus in Fur (La Vénus à la fourrure)
87007,AmericanEast
88007,Rosencrantz and Guildenstern Are Dead
89007,Summer of '22
90070,Into the Wild
90070,Godzilla vs. King Ghidorah (Gojira vs. Kingu Gidorâ)
91007,Company of Wolves
91007,Shifty
96007,Wild Child
96007,Femme Nikita
97007,Descent: Part 2
97007,Lakota Woman: Siege at Wounded Knee
97007,Fathers' Day
98007,Manhattan Baby
99007,Hong Kong Confidential (Amaya)
100700,Running
100700,Tennessee
1008,Dying at Grace
1008,Princess Aurora (Orora gongju)
1008,Only the Lonely
2008,Fathers' Day
2008,313-EVIL II
2008,Tennessee
3008,Thieves Like Us
3008,Beats Rhymes & Life: The Travels of a Tribe Called Quest
4008,Waterloo Bridge
6008,Judas Kiss
6008,Rosencrantz and Guildenstern Are Dead
6008,John Q
6008,Running
7008,After Life (Wandafuru raifu)
8008,Hole in the Soul
10080,Captain Corelli's Mandolin
10080,Ethan Mao
10080,Waterloo Bridge
11008,Dr. Akagi (Kanzo sensei)
11008,Wild Child
11008,The Inspector
11008,Bloodbrothers
11008,Misérables
11008,Ciel est à vous
11008,Horrible Bosses
11008,California Solo
11008,American Pie Presents: The Book of Love (American Pie 1: The Book of Love)
11008,AmericanEast
12008,Contact
12008,Man's Favorite Sport?
12008,Godzilla vs. King Ghidorah (Gojira vs. Kingu Gidorâ)
12008,One I Love
12008,Far Country
12008,Death in Brunswick
12008,Outside the Law
13008,Love Crazy
13008,Brother
13008,Story of Maths
13008,Femme Nikita
13008,Movie
13008,Night of the Demons
13008,Julia
14008,The Search for Santa Paws
16008,Carson City
16008,Mata Hari
16008,Show
17008,Waterloo Bridge
18008,Adopted
18008,New Life
18008,There's Always A Woman
20080,Buster
20080,Six-String Samurai
20080,Princess Aurora (Orora gongju)
20080,Mondo
20080,Love Crazy
20080,My Favorite Blonde
20080,Sons and Lovers
21008,Svengali
21008,Born on the Fourth of July
21008,Into the Wild
21008,Stars and Bars
21008,Principal
21008,Coherence
21008,Fathers' Day
22008,My Favorite Blonde
22008,Mondo
22008,Hong Kong Confidential (Amaya)
22008,Rumble on the Docks
22008,Running
22008,Stars and Bars
22008,John Q
23008,Manhattan Baby
23008,Tales from the Gimli Hospital
23008,Company of Wolves
23008,Made in Heaven
23008,John Q
23008,After Life (Wandafuru raifu)
24008,Wild Child
26008,Venus in Fur (La Vénus à la fourrure)
26008,Monkey's Paw
26008,Six-String Samurai
26008,Outside the Law
26008,Enforcer
26008,Method
27008,Death in Brunswick
28008,Happy Time
28008,Motivation
28008,A Summer in La Goulette
30080,Blood Beast Terror
30080,AmericanEast
31008,Lagaan: Once Upon a Time in India
31008,Shifty
31008,Brand Upon the Brain!
31008,Method
31008,Fourth Kind
31008,John Q
31008,Julia
31008,Eastern Promises
31008,Man's Favorite Sport?
32008,Sons and Lovers
32008,Good German
32008,Mike's Murder
32008,After Life (Wandafuru raifu)
32008,The Search for Santa Paws
33008,Bobo
33008,Confession
33008,Report on the Party and the Guests
33008,Descent: Part 2
33008,Jealousy
34008,Dying at Grace
34008,The Search for Santa Paws
36008,Enforcer
36008,Lakota Woman: Siege at Wounded Knee
36008,Death in Brunswick
36008,Man's Favorite Sport?
36008,Julia
37008,Mondo
38008,Pathfinder
38008,A Summer in La Goulette
38008,After Life (Wandafuru raifu)
39008,Closing the Ring
40080,Rosencrantz and Guildenstern Are Dead
43008,Beats Rhymes & Life: The Travels of a Tribe Called Quest
43008,Method
44008,Rumble on the Docks
44008,Descent: Part 2
48008,Report on the Party and the Guests
60080,Cell
61008,Eastern Promises
61008,Fear and Desire
61008,Whole Town's Talking
61008,Hong Kong Confidential (Amaya)
62008,Warrior
62008,Julia
63008,Stranger in the House
63008,Closing the Ring
63008,Eastern Promises
64008,Principal
6008,Tennessee
6008,American Pie Presents: The Book of Love (American Pie 1: The Book of Love)
66008,Wild Child
67008,Mata Hari
68008,Outside the Law
68008,Six-String Samurai
60080,Venus in Fur (La Vénus à la fourrure)
61008,Waterloo Bridge
62008,Lakota Woman: Siege at Wounded Knee
63008,Fear and Desire
63008,Coherence
66008,Waterloo Bridge
66008,Story of Maths
66008,Closing the Ring
67008,Tennessee
69008,Summer of '22
70080,There's Always A Woman
70080,Principal
72008,Cell
74008,Shifty
76008,The Search for Santa Paws
76008,Brother
78008,Buster
79008,Tennessee
80080,Business as Usual
80080,American Pie Presents: The Book of Love (American Pie 1: The Book of Love)
80080,Bobo
81008,The Search for Santa Paws
81008,Basic
81008,Jealousy
81008,Tales from the Gimli Hospital
82008,Another 28 Hrs.
82008,Bodyguards and Assassins
82008,Captain Corelli's Mandolin
83008,Summer of '22
83008,Young Again
84008,Coherence
84008,There's Always A Woman
86008,Jerry Springer: Ringmaster
86008,Young Again
86008,Ethan Mao
86008,AmericanEast
87008,Venus in Fur (La Vénus à la fourrure)
87008,AmericanEast
88008,Rosencrantz and Guildenstern Are Dead
89008,Summer of '22
90080,Into the Wild
90080,Godzilla vs. King Ghidorah (Gojira vs. Kingu Gidorâ)
91008,Company of Wolves
91008,Shifty
96008,Wild Child
96008,Femme Nikita
97008,Descent: Part 2
97008,Lakota Woman: Siege at Wounded Knee
97008,Fathers' Day
98008,Manhattan Baby
99008,Hong Kong Confidential (Amaya)
100800,Running
100800,Tennessee
1009,Dying at Grace
1009,Princess Aurora (Orora gongju)
1009,Only the Lonely
2009,Fathers' Day
2009,313-EVIL II
2009,Tennessee
3009,Thieves Like Us
3009,Beats Rhymes & Life: The Travels of a Tribe Called Quest
4009,Waterloo Bridge
6009,Judas Kiss
6009,Rosencrantz and Guildenstern Are Dead
6009,John Q
6009,Running
7009,After Life (Wandafuru raifu)
8009,Hole in the Soul
10090,Captain Corelli's Mandolin
10090,Ethan Mao
10090,Waterloo Bridge
11009,Dr. Akagi (Kanzo sensei)
11009,Wild Child
11009,The Inspector
11009,Bloodbrothers
11009,Misérables
11009,Ciel est à vous
11009,Horrible Bosses
11009,California Solo
11009,American Pie Presents: The Book of Love (American Pie 1: The Book of Love)
11009,AmericanEast
12009,Contact
12009,Man's Favorite Sport?
12009,Godzilla vs. King Ghidorah (Gojira vs. Kingu Gidorâ)
12009,One I Love
12009,Far Country
12009,Death in Brunswick
12009,Outside the Law
13009,Love Crazy
13009,Brother
13009,Story of Maths
13009,Femme Nikita
13009,Movie
13009,Night of the Demons
13009,Julia
14009,The Search for Santa Paws
16009,Carson City
16009,Mata Hari
16009,Show
17009,Waterloo Bridge
18009,Adopted
18009,New Life
18009,There's Always A Woman
20090,Buster
20090,Six-String Samurai
20090,Princess Aurora (Orora gongju)
20090,Mondo
20090,Love Crazy
20090,My Favorite Blonde
20090,Sons and Lovers
21009,Svengali
21009,Born on the Fourth of July
21009,Into the Wild
21009,Stars and Bars
21009,Principal
21009,Coherence
21009,Fathers' Day
22009,My Favorite Blonde
22009,Mondo
22009,Hong Kong Confidential (Amaya)
22009,Rumble on the Docks
22009,Running
22009,Stars and Bars
22009,John Q
23009,Manhattan Baby
23009,Tales from the Gimli Hospital
23009,Company of Wolves
23009,Made in Heaven
23009,John Q
23009,After Life (Wandafuru raifu)
24009,Wild Child
26009,Venus in Fur (La Vénus à la fourrure)
26009,Monkey's Paw
26009,Six-String Samurai
26009,Outside the Law
26009,Enforcer
26009,Method
27009,Death in Brunswick
28009,Happy Time
28009,Motivation
28009,A Summer in La Goulette
30090,Blood Beast Terror
30090,AmericanEast
31009,Lagaan: Once Upon a Time in India
31009,Shifty
31009,Brand Upon the Brain!
31009,Method
31009,Fourth Kind
31009,John Q
31009,Julia
31009,Eastern Promises
31009,Man's Favorite Sport?
32009,Sons and Lovers
32009,Good German
32009,Mike's Murder
32009,After Life (Wandafuru raifu)
32009,The Search for Santa Paws
33009,Bobo
33009,Confession
33009,Report on the Party and the Guests
33009,Descent: Part 2
33009,Jealousy
34009,Dying at Grace
34009,The Search for Santa Paws
36009,Enforcer
36009,Lakota Woman: Siege at Wounded Knee
36009,Death in Brunswick
36009,Man's Favorite Sport?
36009,Julia
37009,Mondo
38009,Pathfinder
38009,A Summer in La Goulette
38009,After Life (Wandafuru raifu)
39009,Closing the Ring
40090,Rosencrantz and Guildenstern Are Dead
43009,Beats Rhymes & Life: The Travels of a Tribe Called Quest
43009,Method
44009,Rumble on the Docks
44009,Descent: Part 2
48009,Report on the Party and the Guests
60090,Cell
61009,Eastern Promises
61009,Fear and Desire
61009,Whole Town's Talking
61009,Hong Kong Confidential (Amaya)
62009,Warrior
62009,Julia
63009,Stranger in the House
63009,Closing the Ring
63009,Eastern Promises
64009,Principal
6009,Tennessee
6009,American Pie Presents: The Book of Love (American Pie 1: The Book of Love)
66009,Wild Child
67009,Mata Hari
68009,Outside the Law
68009,Six-String Samurai
60090,Venus in Fur (La Vénus à la fourrure)
61009,Waterloo Bridge
62009,Lakota Woman: Siege at Wounded Knee
63009,Fear and Desire
63009,Coherence
66009,Waterloo Bridge
66009,Story of Maths
66009,Closing the Ring
67009,Tennessee
69009,Summer of '22
70090,There's Always A Woman
70090,Principal
72009,Cell
74009,Shifty
76009,The Search for Santa Paws
76009,Brother
78009,Buster
79009,Tennessee
80090,Business as Usual
80090,American Pie Presents: The Book of Love (American Pie 1: The Book of Love)
80090,Bobo
81009,The Search for Santa Paws
81009,Basic
81009,Jealousy
81009,Tales from the Gimli Hospital
82009,Another 28 Hrs.
82009,Bodyguards and Assassins
82009,Captain Corelli's Mandolin
83009,Summer of '22
83009,Young Again
84009,Coherence
84009,There's Always A Woman
86009,Jerry Springer: Ringmaster
86009,Young Again
86009,Ethan Mao
86009,AmericanEast
87009,Venus in Fur (La Vénus à la fourrure)
87009,AmericanEast
88009,Rosencrantz and Guildenstern Are Dead
89009,Summer of '22
90090,Into the Wild
90090,Godzilla vs. King Ghidorah (Gojira vs. Kingu Gidorâ)
91009,Company of Wolves
91009,Shifty
96009,Wild Child
96009,Femme Nikita
97009,Descent: Part 2
97009,Lakota Woman: Siege at Wounded Knee
97009,Fathers' Day
98009,Manhattan Baby
99009,Hong Kong Confidential (Amaya)
100900,Running
100900,Tennessee
